old_url,new_url,status_code,notes
https://dermasolutions.co.in/,https://dermasolutions.co.in/,301,1:1 - EDIT ONLY IF SLUG CHANGES
https://dermasolutions.co.in/abdominoplasty-tummy-tuck-treatment-in-bangalore/,https://dermasolutions.co.in/abdominoplasty-tummy-tuck-treatment-in-bangalore/,301,1:1 - EDIT ONLY IF SLUG CHANGES
https://dermasolutions.co.in/acne-scar-treatment-in-bangalore/,https://dermasolutions.co.in/acne-scar-treatment-in-bangalore/,301,1:1 - EDIT ONLY IF SLUG CHANGES
https://dermasolutions.co.in/anti-ageing-treatments-for-men-bengaluru/,https://dermasolutions.co.in/anti-ageing-treatments-for-men-bengaluru/,301,1:1 - EDIT ONLY IF SLUG CHANGES
https://dermasolutions.co.in/best-dermatologist-in-marathahalli-whitefield-bangalore/,https://dermasolutions.co.in/best-dermatologist-in-marathahalli-whitefield-bangalore/,301,1:1 - EDIT ONLY IF SLUG CHANGES
https://dermasolutions.co.in/best-hair-loss-treatment-in-bangalore/,https://dermasolutions.co.in/best-hair-loss-treatment-in-bangalore/,301,1:1 - EDIT ONLY IF SLUG CHANGES
https://dermasolutions.co.in/best-hydrafacial-treatment-in-marathahalli-whitefield-bangalore/,https://dermasolutions.co.in/best-hydrafacial-treatment-in-marathahalli-whitefield-bangalore/,301,1:1 - EDIT ONLY IF SLUG CHANGES
https://dermasolutions.co.in/best-treatments-for-open-pores-and-uneven-skin-texture/,https://dermasolutions.co.in/best-treatments-for-open-pores-and-uneven-skin-texture/,301,1:1 - EDIT ONLY IF SLUG CHANGES
https://dermasolutions.co.in/blog-botox-vs-fillers-difference/,https://dermasolutions.co.in/blog-botox-vs-fillers-difference/,301,1:1 - EDIT ONLY IF SLUG CHANGES
https://dermasolutions.co.in/blog-is-laser-treatment-safe-for-indian-skin/,https://dermasolutions.co.in/blog-is-laser-treatment-safe-for-indian-skin/,301,1:1 - EDIT ONLY IF SLUG CHANGES
https://dermasolutions.co.in/blogs/,https://dermasolutions.co.in/blogs/,301,1:1 - EDIT ONLY IF SLUG CHANGES
https://dermasolutions.co.in/botox-treatment-in-bangalore-whitefield-and-marathahalli/,https://dermasolutions.co.in/botox-treatment-in-bangalore-whitefield-and-marathahalli/,301,1:1 - EDIT ONLY IF SLUG CHANGES
https://dermasolutions.co.in/breast-surgeries-in-bangalore/,https://dermasolutions.co.in/breast-surgeries-in-bangalore/,301,1:1 - EDIT ONLY IF SLUG CHANGES
https://dermasolutions.co.in/breast-surgery-specialist-evaluation-before-procedure/,https://dermasolutions.co.in/breast-surgery-specialist-evaluation-before-procedure/,301,1:1 - EDIT ONLY IF SLUG CHANGES
https://dermasolutions.co.in/category/uncategorized/,https://dermasolutions.co.in/category/uncategorized/,301,1:1 - EDIT ONLY IF SLUG CHANGES
https://dermasolutions.co.in/chemical-peel-treatment-in-bangalore/,https://dermasolutions.co.in/chemical-peel-treatment-in-bangalore/,301,1:1 - EDIT ONLY IF SLUG CHANGES
https://dermasolutions.co.in/chemical-peels-vs-microneedling-vs-lasers-vs-injectables/,https://dermasolutions.co.in/chemical-peels-vs-microneedling-vs-lasers-vs-injectables/,301,1:1 - EDIT ONLY IF SLUG CHANGES
https://dermasolutions.co.in/choose-right-skin-treatment-dull-skin-pigmentation-acne-scars/,https://dermasolutions.co.in/choose-right-skin-treatment-dull-skin-pigmentation-acne-scars/,301,1:1 - EDIT ONLY IF SLUG CHANGES
https://dermasolutions.co.in/choosing-the-right-skin-and-hair-doctor/,https://dermasolutions.co.in/choosing-the-right-skin-and-hair-doctor/,301,1:1 - EDIT ONLY IF SLUG CHANGES
https://dermasolutions.co.in/coolsculpting-eliminate-stubborn-fat/,https://dermasolutions.co.in/coolsculpting-eliminate-stubborn-fat/,301,1:1 - EDIT ONLY IF SLUG CHANGES
https://dermasolutions.co.in/cosmetic-dermatology-in-bangalore/,https://dermasolutions.co.in/cosmetic-dermatology-in-bangalore/,301,1:1 - EDIT ONLY IF SLUG CHANGES
https://dermasolutions.co.in/cosmetic-plastic-surgery-in-marathahalli/,https://dermasolutions.co.in/cosmetic-plastic-surgery-in-marathahalli/,301,1:1 - EDIT ONLY IF SLUG CHANGES
https://dermasolutions.co.in/cryolipolysis-coolsculpting-in-bangalore/,https://dermasolutions.co.in/cryolipolysis-coolsculpting-in-bangalore/,301,1:1 - EDIT ONLY IF SLUG CHANGES
https://dermasolutions.co.in/cryolipolysis-vs-liposuction-bengaluru/,https://dermasolutions.co.in/cryolipolysis-vs-liposuction-bengaluru/,301,1:1 - EDIT ONLY IF SLUG CHANGES
https://dermasolutions.co.in/dermal-fillers-treatment-bangalore/,https://dermasolutions.co.in/dermal-fillers-treatment-bangalore/,301,1:1 - EDIT ONLY IF SLUG CHANGES
https://dermasolutions.co.in/dr-chandhana-vishal-n-plastic-surgeon/,https://dermasolutions.co.in/dr-chandhana-vishal-n-plastic-surgeon/,301,1:1 - EDIT ONLY IF SLUG CHANGES
https://dermasolutions.co.in/dr-sumedha-tirthani-dermatologist/,https://dermasolutions.co.in/dr-sumedha-tirthani-dermatologist/,301,1:1 - EDIT ONLY IF SLUG CHANGES
https://dermasolutions.co.in/dr-thyagaraj-best-plastic-surgeon-in-bangalore/,https://dermasolutions.co.in/dr-thyagaraj-best-plastic-surgeon-in-bangalore/,301,1:1 - EDIT ONLY IF SLUG CHANGES
https://dermasolutions.co.in/ear-lobe-repair-surgery-in-bangalore/,https://dermasolutions.co.in/ear-lobe-repair-surgery-in-bangalore/,301,1:1 - EDIT ONLY IF SLUG CHANGES
https://dermasolutions.co.in/earlobe-repair-surgery-bengaluru/,https://dermasolutions.co.in/earlobe-repair-surgery-bengaluru/,301,1:1 - EDIT ONLY IF SLUG CHANGES
https://dermasolutions.co.in/fractional-co2-laser-skin-resurfacing-in-bangalore/,https://dermasolutions.co.in/fractional-co2-laser-skin-resurfacing-in-bangalore/,301,1:1 - EDIT ONLY IF SLUG CHANGES
https://dermasolutions.co.in/gfc-hair-treatment-in-bangalore/,https://dermasolutions.co.in/gfc-hair-treatment-in-bangalore/,301,1:1 - EDIT ONLY IF SLUG CHANGES
https://dermasolutions.co.in/gynecomastia-surgery-bengaluru/,https://dermasolutions.co.in/gynecomastia-surgery-bengaluru/,301,1:1 - EDIT ONLY IF SLUG CHANGES
https://dermasolutions.co.in/gynecomastia-surgery-in-bangalore/,https://dermasolutions.co.in/gynecomastia-surgery-in-bangalore/,301,1:1 - EDIT ONLY IF SLUG CHANGES
https://dermasolutions.co.in/hair-analysis-in-bangalore/,https://dermasolutions.co.in/hair-analysis-in-bangalore/,301,1:1 - EDIT ONLY IF SLUG CHANGES
https://dermasolutions.co.in/hair-transplant-in-bangalore-marathahalli-whitefield/,https://dermasolutions.co.in/hair-transplant-in-bangalore-marathahalli-whitefield/,301,1:1 - EDIT ONLY IF SLUG CHANGES
https://dermasolutions.co.in/hifu-a-non-surgical-facelift/,https://dermasolutions.co.in/hifu-a-non-surgical-facelift/,301,1:1 - EDIT ONLY IF SLUG CHANGES
https://dermasolutions.co.in/hifu-treatment-in-bangalore/,https://dermasolutions.co.in/hifu-treatment-in-bangalore/,301,1:1 - EDIT ONLY IF SLUG CHANGES
https://dermasolutions.co.in/hollywood-facial-carbon-laser-peel-bangalore/,https://dermasolutions.co.in/hollywood-facial-carbon-laser-peel-bangalore/,301,1:1 - EDIT ONLY IF SLUG CHANGES
https://dermasolutions.co.in/how-can-you-treat-stubborn-pigmentation-and-achieve-clearer-skin/,https://dermasolutions.co.in/how-can-you-treat-stubborn-pigmentation-and-achieve-clearer-skin/,301,1:1 - EDIT ONLY IF SLUG CHANGES
https://dermasolutions.co.in/how-dermatologists-treat-acne-scars/,https://dermasolutions.co.in/how-dermatologists-treat-acne-scars/,301,1:1 - EDIT ONLY IF SLUG CHANGES
https://dermasolutions.co.in/how-long-do-dermal-fillers-last/,https://dermasolutions.co.in/how-long-do-dermal-fillers-last/,301,1:1 - EDIT ONLY IF SLUG CHANGES
https://dermasolutions.co.in/how-to-prepare-skin-for-wedding/,https://dermasolutions.co.in/how-to-prepare-skin-for-wedding/,301,1:1 - EDIT ONLY IF SLUG CHANGES
https://dermasolutions.co.in/hydrafacial-vs-chemical-peel/,https://dermasolutions.co.in/hydrafacial-vs-chemical-peel/,301,1:1 - EDIT ONLY IF SLUG CHANGES
https://dermasolutions.co.in/image-gallery/,https://dermasolutions.co.in/image-gallery/,301,1:1 - EDIT ONLY IF SLUG CHANGES
https://dermasolutions.co.in/inch-reduction-treatment-in-bangalore/,https://dermasolutions.co.in/inch-reduction-treatment-in-bangalore/,301,1:1 - EDIT ONLY IF SLUG CHANGES
https://dermasolutions.co.in/iv-glutathione-treatment/,https://dermasolutions.co.in/iv-glutathione-treatment-in-bangalore/,301,"PLAN A2 - true duplicate (identical H1, both 1 inbound link). Merge unique content into the keeper BEFORE redirecting. CONFIRM DIRECTION AGAINST GSC FIRST."
https://dermasolutions.co.in/iv-glutathione-treatment-in-bangalore/,https://dermasolutions.co.in/iv-glutathione-treatment-in-bangalore/,301,1:1 - EDIT ONLY IF SLUG CHANGES
https://dermasolutions.co.in/laser-hair-removal-in-bangalore/,https://dermasolutions.co.in/laser-hair-removal-in-bangalore/,301,1:1 - EDIT ONLY IF SLUG CHANGES
https://dermasolutions.co.in/laser-tattoo-removal-in-bangalore/,https://dermasolutions.co.in/laser-tattoo-removal-in-bangalore/,301,1:1 - EDIT ONLY IF SLUG CHANGES
https://dermasolutions.co.in/laser-toning-for-pigmentation/,https://dermasolutions.co.in/laser-toning-for-pigmentation/,301,1:1 - EDIT ONLY IF SLUG CHANGES
https://dermasolutions.co.in/laser-toning-treatment-in-bangalore/,https://dermasolutions.co.in/laser-toning-treatment-in-bangalore/,301,1:1 - EDIT ONLY IF SLUG CHANGES
https://dermasolutions.co.in/liposuction-treatment-in-bangalore/,https://dermasolutions.co.in/liposuction-treatment-in-bangalore/,301,1:1 - EDIT ONLY IF SLUG CHANGES
https://dermasolutions.co.in/maintenance-page/,,410,PLAN A3 - do not rebuild. Serve 410 Gone (never should have been indexed; a 301 passes noise). Remove from sitemap.xml.
https://dermasolutions.co.in/medical-facial-vs-salon-facial/,https://dermasolutions.co.in/medical-facial-vs-salon-facial/,301,1:1 - EDIT ONLY IF SLUG CHANGES
https://dermasolutions.co.in/microdermabrasion-treatment-in-bangalore/,https://dermasolutions.co.in/microdermabrasion-treatment-in-bangalore/,301,1:1 - EDIT ONLY IF SLUG CHANGES
https://dermasolutions.co.in/mnrf-treatment-in-bangalore-microneedling-with-radio-frequency/,https://dermasolutions.co.in/mnrf-treatment-in-bangalore-microneedling-with-radio-frequency/,301,1:1 - EDIT ONLY IF SLUG CHANGES
https://dermasolutions.co.in/mnrf-vs-co2-laser-for-acne-scars/,https://dermasolutions.co.in/mnrf-vs-co2-laser-for-acne-scars/,301,1:1 - EDIT ONLY IF SLUG CHANGES
https://dermasolutions.co.in/mole-removal-treatment-in-bangalore/,https://dermasolutions.co.in/mole-removal-treatment-in-bangalore/,301,1:1 - EDIT ONLY IF SLUG CHANGES
https://dermasolutions.co.in/nad-iv-drips-treatment-in-bangalore/,https://dermasolutions.co.in/nad-iv-drips-treatment-in-bangalore/,301,1:1 - EDIT ONLY IF SLUG CHANGES
https://dermasolutions.co.in/pdrn-salmon-dna-facial-benefits/,https://dermasolutions.co.in/pdrn-salmon-dna-facial-benefits/,301,1:1 - EDIT ONLY IF SLUG CHANGES
https://dermasolutions.co.in/phototherapy-for-skin-conditions/,https://dermasolutions.co.in/phototherapy-for-skin-conditions/,301,1:1 - EDIT ONLY IF SLUG CHANGES
https://dermasolutions.co.in/phototherapy-treatment-in-bangalore/,https://dermasolutions.co.in/phototherapy-treatment-in-bangalore/,301,1:1 - EDIT ONLY IF SLUG CHANGES
https://dermasolutions.co.in/privacy-policy/,https://dermasolutions.co.in/privacy-policy/,301,1:1 - EDIT ONLY IF SLUG CHANGES
https://dermasolutions.co.in/radio-frequency-skin-tightening-treatment/,https://dermasolutions.co.in/radio-frequency-skin-tightening-treatment/,301,1:1 - EDIT ONLY IF SLUG CHANGES
https://dermasolutions.co.in/reconstructive-surgery-restoring-form-function-confidence/,https://dermasolutions.co.in/reconstructive-surgery-restoring-form-function-confidence/,301,1:1 - EDIT ONLY IF SLUG CHANGES
https://dermasolutions.co.in/rf-vs-hifu-skin-tightening/,https://dermasolutions.co.in/rf-vs-hifu-skin-tightening/,301,1:1 - EDIT ONLY IF SLUG CHANGES
https://dermasolutions.co.in/rhinoplasty-nose-reshaping-surgery-bangalore/,https://dermasolutions.co.in/rhinoplasty-nose-reshaping-surgery-bangalore/,301,1:1 - EDIT ONLY IF SLUG CHANGES
https://dermasolutions.co.in/rhinoplasty-surgery-in-bangalore/,https://dermasolutions.co.in/rhinoplasty-surgery-in-bangalore/,301,1:1 - EDIT ONLY IF SLUG CHANGES
https://dermasolutions.co.in/salmon-sperm-pdrn-facial-in-bangalore/,https://dermasolutions.co.in/salmon-sperm-pdrn-facial-in-bangalore/,301,1:1 - EDIT ONLY IF SLUG CHANGES
https://dermasolutions.co.in/skin-boosters-treatment-bengaluru/,https://dermasolutions.co.in/skin-boosters-treatment-bengaluru/,301,1:1 - EDIT ONLY IF SLUG CHANGES
https://dermasolutions.co.in/skin-boosters-treatment-in-bangalore/,https://dermasolutions.co.in/skin-boosters-treatment-in-bangalore/,301,1:1 - EDIT ONLY IF SLUG CHANGES
https://dermasolutions.co.in/skin-boosters-vs-dermal-fillers/,https://dermasolutions.co.in/skin-boosters-vs-dermal-fillers/,301,1:1 - EDIT ONLY IF SLUG CHANGES
https://dermasolutions.co.in/skin-lightening-treatment-in-bangalore/,https://dermasolutions.co.in/skin-lightening-treatment-in-bangalore/,301,1:1 - EDIT ONLY IF SLUG CHANGES
https://dermasolutions.co.in/skin-tightening-treatment-in-marathahalli-whitefield/,https://dermasolutions.co.in/skin-tightening-treatment-in-marathahalli-whitefield/,301,1:1 - EDIT ONLY IF SLUG CHANGES
https://dermasolutions.co.in/terms-of-use/,https://dermasolutions.co.in/terms-of-use/,301,1:1 - EDIT ONLY IF SLUG CHANGES
https://dermasolutions.co.in/thread-lift-vs-fillers-how-to-choose-the-right-treatment/,https://dermasolutions.co.in/thread-lift-vs-fillers-how-to-choose-the-right-treatment/,301,1:1 - EDIT ONLY IF SLUG CHANGES
https://dermasolutions.co.in/thread-lifts/,https://dermasolutions.co.in/thread-lifts/,301,1:1 - EDIT ONLY IF SLUG CHANGES
https://dermasolutions.co.in/vaser-liposuction-complete-guide/,https://dermasolutions.co.in/vaser-liposuction-complete-guide/,301,1:1 - EDIT ONLY IF SLUG CHANGES
https://dermasolutions.co.in/video-gallery/,https://dermasolutions.co.in/video-gallery/,301,1:1 - EDIT ONLY IF SLUG CHANGES
https://dermasolutions.co.in/vitiligo-laser-treatment-in-bangalore/,https://dermasolutions.co.in/vitiligo-laser-treatment-in-bangalore/,301,1:1 - EDIT ONLY IF SLUG CHANGES
https://dermasolutions.co.in/vitiligo-repigmentation-treatment/,https://dermasolutions.co.in/vitiligo-repigmentation-treatment/,301,1:1 - EDIT ONLY IF SLUG CHANGES
https://dermasolutions.co.in/warts-removal-treatment-in-bangalore/,https://dermasolutions.co.in/warts-removal-treatment-in-bangalore/,301,1:1 - EDIT ONLY IF SLUG CHANGES
https://dermasolutions.co.in/weight-loss-injections-bangalore/,https://dermasolutions.co.in/weight-loss-injections-bangalore/,301,1:1 - EDIT ONLY IF SLUG CHANGES
https://dermasolutions.co.in/weight-loss-injections-in-bangalore/,https://dermasolutions.co.in/weight-loss-injections-in-bangalore/,301,1:1 - EDIT ONLY IF SLUG CHANGES
https://dermasolutions.co.in/weight-loss-treatment-in-marathahalli/,https://dermasolutions.co.in/weight-loss-treatment-in-marathahalli/,301,1:1 - EDIT ONLY IF SLUG CHANGES
https://dermasolutions.co.in/what-is-preventive-botox-why-more-people-in-their-20s-and-30s-are-starting-early/,https://dermasolutions.co.in/what-is-preventive-botox-why-more-people-in-their-20s-and-30s-are-starting-early/,301,1:1 - EDIT ONLY IF SLUG CHANGES
https://dermasolutions.co.in/what-to-ask-before-cosmetic-surgery/,https://dermasolutions.co.in/what-to-ask-before-cosmetic-surgery/,301,1:1 - EDIT ONLY IF SLUG CHANGES
https://dermasolutions.co.in/when-should-you-start-anti-ageing-treatments-in-bengaluru/,https://dermasolutions.co.in/when-should-you-start-anti-ageing-treatments-in-bengaluru/,301,1:1 - EDIT ONLY IF SLUG CHANGES
https://dermasolutions.co.in/why-daily-sunscreen-is-your-best-skin-investment/,https://dermasolutions.co.in/why-daily-sunscreen-is-your-best-skin-investment/,301,1:1 - EDIT ONLY IF SLUG CHANGES
https://dermasolutions.co.in/xanthelasma-removal-bengaluru/,https://dermasolutions.co.in/xanthelasma-removal-bengaluru/,301,1:1 - EDIT ONLY IF SLUG CHANGES
https://dermasolutions.co.in/xanthelasma-removal-treatment-in-bangalore/,https://dermasolutions.co.in/xanthelasma-removal-treatment-in-bangalore/,301,1:1 - EDIT ONLY IF SLUG CHANGES
